areacd,resident,workday,home,within,to1cd,to1,to2cd,to2,to3cd,to3,to4cd,to4,to5cd,to5,from1cd,from1,from2cd,from2,from3cd,from3,from4cd,from4,from5cd,from5,toother,fromother
E09000001,4785,357228,701,1506,E09000033,503,E09000007,347,E09000019,336,E09000030,306,E09000028,164,E09000032,16956,E09000030,15035,E09000028,13274,E09000033,12667,E09000022,12661,922,284428
E09000002,75493,48403,4764,14650,E09000016,6554,E09000026,5389,E09000025,4829,E09000030,4279,E09000033,3528,E09000016,7110,E09000026,4611,E09000025,2851,E06000034,2549,E07000066,1218,31500,10650
E09000003,172470,110785,21611,36031,E09000033,16672,E09000007,14006,E09000001,7990,E09000005,5908,E09000019,5864,E09000010,6641,E09000005,6268,E09000015,5040,E07000098,4206,E09000014,3439,64388,27549
E09000004,110680,63223,8663,25876,E09000011,10807,E09000033,6998,E09000001,5988,E07000107,5948,E09000006,4846,E09000011,5816,E07000107,5065,E09000006,2962,E07000111,1973,E07000109,1864,41554,11004
E09000005,148292,94749,13058,27338,E09000033,18019,E09000007,8735,E09000009,8195,E09000003,6268,E09000015,5199,E09000015,10364,E09000009,6238,E09000003,5908,E09000017,3052,E09000007,1677,61480,27114
E09000006,152363,98064,16167,41000,E09000033,12498,E09000001,9951,E09000028,6175,E09000023,5425,E09000030,4946,E09000008,6457,E09000023,6437,E09000004,4846,E09000011,3329,E07000111,3095,56201,16733
E09000007,110168,265215,14893,23151,E09000033,19863,E09000001,9856,E09000019,5590,E09000030,4192,E09000028,2507,E09000003,14006,E09000019,13297,E09000014,11983,E09000022,9995,E09000012,9760,30116,168130
E09000008,173926,104183,15887,48412,E09000033,11109,E09000022,7602,E09000029,6806,E09000006,6457,E09000001,6276,E09000029,5850,E09000006,4879,E07000215,3321,E09000022,2867,E09000024,2775,71377,20192
E09000009,165800,113074,15343,34302,E09000033,14283,E09000017,11650,E09000018,10385,E09000013,9360,E09000005,6238,E09000017,9560,E09000005,8195,E09000018,6732,E09000015,5024,E09000013,2665,64239,31253
E09000010,138390,91042,12531,37198,E09000014,10132,E09000033,8647,E09000003,6641,E09000007,6241,E09000019,5534,E07000095,5002,E09000014,4954,E09000003,4457,E09000031,3422,E07000072,1806,51466,21672
E09000011,118330,73083,9731,23759,E09000033,9919,E09000001,7090,E09000030,6884,E09000004,5816,E09000023,5771,E09000004,10807,E09000023,5360,E09000006,3023,E07000107,1797,E09000028,1723,49360,16883
E09000012,119051,91491,12060,18889,E09000033,13999,E09000019,10307,E09000007,9760,E09000001,7862,E09000030,7259,E09000014,4511,E09000030,4410,E09000031,4408,E09000019,3933,E09000025,3051,38915,40229
E09000013,100148,117007,10603,16192,E09000033,17794,E09000001,8408,E09000020,7644,E09000007,4674,E09000030,2734,E09000009,9360,E09000032,7618,E09000018,4777,E09000005,4349,E09000022,3995,32099,60113
E09000014,124845,65074,12640,15155,E09000033,15513,E09000007,11983,E09000019,9207,E09000001,6174,E09000010,4954,E09000010,10132,E09000003,3965,E09000031,2868,E09000012,2585,E09000019,2012,49219,15717
E09000015,114755,62033,11868,21485,E09000005,10364,E09000033,7945,E09000017,6261,E09000003,5040,E09000009,5024,E09000005,5199,E09000017,4350,E09000003,2600,E09000009,2523,E07000102,1801,46768,12207
E09000016,113551,72531,8834,31928,E09000001,7759,E09000002,7110,E09000030,5416,E09000026,4882,E09000033,4535,E09000002,6554,E09000026,3760,E06000034,3429,E07000068,2375,E07000066,2196,43087,13455
E09000017,130973,153482,11415,45948,E09000009,9560,E09000018,6251,E09000033,5557,E09000015,4350,E09000005,3052,E09000018,11954,E09000009,11650,E09000015,6261,E06000039,5458,E07000213,4219,44840,56577
E09000018,127613,116338,11331,31030,E09000017,11954,E09000027,7752,E09000033,7375,E09000009,6732,E09000013,4777,E09000009,10385,E09000027,7102,E09000017,6251,E07000213,5579,E09000013,2642,46662,42018
E09000019,107255,159140,10254,16858,E09000033,15645,E09000007,13297,E09000001,11698,E09000030,4741,E09000012,3933,E09000012,10307,E09000014,9207,E09000003,5864,E09000007,5590,E09000010,5534,30829,95526
E09000020,82386,111792,13968,10964,E09000033,16977,E09000001,10543,E09000030,3955,E09000013,3706,E09000007,3281,E09000013,7644,E09000032,7481,E09000022,4996,E09000033,4822,E09000009,4785,18992,57132
E09000021,82434,65999,9094,20982,E09000033,5604,E09000027,3755,E09000001,3263,E07000207,3145,E09000024,3088,E07000207,3947,E09000024,3504,E09000029,3488,E09000027,3479,E07000208,3011,33503,18494
E09000022,167205,121794,14039,20718,E09000033,28957,E09000001,12661,E09000028,10682,E09000007,9995,E09000032,8639,E09000028,10253,E09000008,7602,E09000032,6759,E09000023,5955,E09000006,3966,61514,52502
E09000023,136570,64963,11509,20625,E09000033,14957,E09000028,11735,E09000001,7812,E09000006,6437,E09000030,6228,E09000011,5771,E09000006,5425,E09000028,3399,E09000004,3089,E09000008,1921,57267,13224
E09000024,105369,64578,9609,16588,E09000033,9920,E09000032,8798,E09000001,6290,E09000029,3929,E09000022,3634,E09000029,7117,E09000032,4768,E09000008,4123,E09000021,3088,E09000022,2287,46601,16998
E09000025,132787,82973,8994,24781,E09000033,11611,E09000030,11592,E09000001,6651,E09000007,5132,E09000026,3365,E09000026,7676,E09000002,4829,E09000031,4191,E09000016,3567,E09000030,2973,60661,25962
E09000026,125362,65300,11183,22053,E09000030,8766,E09000033,8696,E09000001,8064,E09000025,7676,E09000031,5236,E09000002,5389,E09000016,4882,E09000031,3801,E09000025,3365,E07000072,3260,53688,11367
E09000027,99916,71427,14156,18671,E09000033,9273,E09000018,7102,E09000001,5500,E09000021,3479,E09000013,3441,E09000018,7752,E09000021,3755,E09000032,2674,E07000213,2111,E07000207,2083,38294,20225
E09000028,147995,169855,12408,25310,E09000033,20785,E09000001,13274,E09000022,10253,E09000007,8027,E09000030,7802,E09000023,11735,E09000022,10682,E09000006,6175,E09000032,6000,E09000011,5689,50136,91856
E09000029,98207,62712,8882,23989,E09000024,7117,E09000008,5850,E09000033,5217,E09000032,3785,E09000021,3488,E09000008,6806,E09000024,3929,E07000211,2743,E07000208,2270,E09000021,1340,39879,12753
E09000030,121244,225066,9111,30488,E09000001,15035,E09000033,14341,E09000007,6315,E09000019,4891,E09000012,4410,E09000025,11592,E09000026,8766,E09000028,7802,E09000012,7259,E09000011,6884,36653,143164
E09000031,121461,61218,9270,21581,E09000033,10956,E09000007,6137,E09000001,5831,E09000030,5282,E09000019,4787,E09000026,5236,E09000025,3243,E07000072,2425,E09000010,2193,E09000012,1653,57617,15617
E09000032,179439,104682,16863,23925,E09000033,29116,E09000001,16956,E09000007,8626,E09000013,7618,E09000020,7481,E09000024,8798,E09000022,8639,E09000008,5491,E09000029,3785,E09000028,2997,68854,34184
E09000033,112518,574979,16061,34762,E09000001,12667,E09000007,7246,E09000030,5591,E09000020,4822,E09000013,2827,E09000032,29116,E09000022,28957,E09000028,20785,E09000007,19863,E09000005,18019,28542,407416
E08000001,123803,106648,10199,62464,E08000003,7017,E08000006,6459,E08000002,5080,E08000010,4476,E08000009,3097,E08000010,9110,E08000002,4786,E08000006,3627,E07000118,2453,E06000008,1827,25011,12182
E08000002,88452,67616,7785,32936,E08000003,12130,E08000006,5689,E08000001,4786,E08000005,4095,E08000009,2652,E08000001,5080,E08000005,4868,E08000003,2490,E07000125,2176,E08000006,2154,18379,10127
E08000003,214459,303623,15448,108658,E08000009,17100,E08000007,11713,E08000006,10090,E08000004,4525,E06000049,4162,E08000007,25549,E08000009,24760,E08000006,18919,E08000008,17483,E08000002,12130,42763,80676
E08000004,96668,82293,7433,45747,E08000003,11712,E08000005,5869,E08000008,4606,E08000006,2178,E08000009,2005,E08000005,8003,E08000008,4872,E08000003,4525,E08000002,1911,E08000007,1389,17118,8413
E08000005,91165,72574,7175,40260,E08000003,9269,E08000004,8003,E08000002,4868,E08000006,2279,E08000009,1928,E08000004,5869,E08000002,4095,E07000125,2587,E08000003,2394,E08000001,1270,17383,8924
E08000006,107288,106561,8062,39355,E08000003,18919,E08000009,12461,E08000001,3627,E08000002,2154,E06000007,1738,E08000003,10090,E08000009,6496,E08000001,6459,E08000010,5845,E08000002,5689,20972,24565
E08000007,137978,116884,13641,55275,E08000003,25549,E06000049,8560,E08000009,5780,E08000008,4392,E08000006,3203,E08000003,11713,E08000008,8518,E06000049,6808,E08000009,3998,E07000037,3324,21578,13607
E08000008,102255,72616,7721,41324,E08000003,17483,E08000007,8518,E08000004,4872,E08000009,2996,E08000006,2576,E08000004,4606,E08000007,4392,E08000003,3729,E07000037,2735,E08000005,1041,16765,7068
E08000009,111465,123177,11312,41677,E08000003,24760,E08000006,6496,E08000007,3998,E06000049,2786,E06000007,1876,E08000003,17100,E08000006,12461,E08000007,5780,E08000010,3532,E06000049,3510,18560,27805
E08000010,150332,106748,10932,68238,E08000001,9110,E06000007,6539,E08000006,5845,E08000013,5787,E08000003,5415,E08000001,4476,E08000013,4073,E07000127,2483,E06000007,2000,E07000118,1912,38466,12634
E08000011,61932,52695,3582,18500,E08000012,19655,E08000014,2966,E08000013,2593,E06000006,1738,E06000007,1430,E08000012,11549,E08000013,5725,E08000014,3886,E06000006,2043,E08000015,1305,11468,6105
E08000012,197457,221915,12340,118413,E08000011,11549,E08000014,11542,E08000015,4195,E06000007,3191,E06000006,2890,E08000014,24208,E08000011,19655,E08000015,18094,E08000013,5053,E06000006,4518,33337,19634
E08000013,78862,60146,5408,32661,E06000007,6804,E08000011,5725,E08000012,5053,E08000010,4073,E06000006,2265,E08000010,5787,E08000011,2593,E06000007,2516,E08000012,2213,E06000006,1500,16873,7468
E08000014,122709,94392,10380,55569,E08000012,24208,E07000127,5220,E08000011,3886,E08000013,1324,E06000007,1246,E08000012,11542,E07000127,5476,E08000011,2966,E08000015,1918,E08000013,1411,20876,5130
E08000015,140681,103165,11784,74137,E08000012,18094,E06000050,10189,W06000005,2828,E08000014,1918,E08000011,1305,E06000050,6135,E08000012,4195,E08000014,1194,E08000011,1065,W06000005,991,20426,3664
E08000016,104015,75180,8066,49800,E08000019,8353,E08000018,8226,E08000036,7028,E08000035,3518,E08000017,3107,E08000019,3961,E08000018,3363,E08000036,3024,E08000017,1774,E08000034,1768,15917,3424
E08000017,134460,117592,11250,79848,E08000018,7490,E08000019,4022,E08000036,2828,E07000171,2226,E08000035,2005,E08000018,5658,E07000171,3345,E08000016,3107,E06000013,2605,E08000019,2461,24791,9318
E08000018,115323,99417,8876,53655,E08000019,22529,E08000017,5658,E08000016,3363,E07000171,2169,E08000035,1212,E08000019,11700,E08000016,8226,E08000017,7490,E07000171,1771,E07000038,1324,17861,6375
E08000019,245255,243475,18778,161004,E08000018,11700,E08000016,3961,E07000038,3642,E07000034,3226,E08000035,2477,E08000018,22529,E07000038,8742,E08000016,8353,E08000017,4022,E07000034,3137,40467,16910
E08000020,92238,86891,6463,37486,E08000021,19941,E08000024,5883,E06000047,4317,E08000022,3596,E06000048,3592,E06000047,10267,E08000021,9944,E08000024,7140,E08000023,4960,E06000048,4691,10960,5940
E08000021,119840,162219,8545,63863,E08000022,10848,E08000020,9944,E06000048,6275,E08000024,3220,E06000047,2311,E08000022,24932,E08000020,19941,E06000048,19289,E06000047,8682,E08000023,6484,14834,10483
E08000022,96409,78695,7107,39149,E08000021,24932,E06000048,6256,E08000020,4104,E08000024,2207,E08000023,1785,E08000021,10848,E06000048,10506,E08000020,3596,E08000023,2170,E06000047,1686,10869,3633
E08000023,64867,46198,3927,27902,E08000024,8749,E08000021,6484,E08000020,4960,E08000022,2170,E06000047,1739,E08000024,4979,E08000020,2456,E06000047,1888,E08000022,1785,E08000021,1551,8936,1710
E08000024,121920,119013,7784,70399,E06000047,9409,E08000020,7140,E08000021,6161,E08000023,4979,E08000022,1676,E06000047,15709,E08000023,8749,E08000020,5883,E08000021,3220,E08000022,2207,14372,5062
E08000025,425748,456098,33231,256811,E08000029,26479,E08000028,13661,E08000030,5872,E07000218,5151,E07000234,5073,E08000029,29458,E08000028,28088,E08000030,16037,E08000027,14057,E07000234,9996,79470,68420
E08000026,138142,139501,10157,78767,E07000222,9249,E07000219,4878,E08000025,4472,E07000220,3805,E08000029,3072,E07000219,11392,E07000222,7903,E07000220,4909,E08000025,4596,E08000029,3654,23742,18123
E08000027,142669,113699,11139,63764,E08000028,16877,E08000025,14057,E08000031,7757,E08000030,2638,E07000196,2333,E08000028,11739,E08000031,5249,E08000025,4547,E07000196,3736,E07000239,2473,24104,11052
E08000028,129039,116917,7902,50299,E08000025,28088,E08000027,11739,E08000030,6843,E08000031,3780,E08000029,1511,E08000027,16877,E08000025,13661,E08000030,8679,E08000031,6133,E07000196,1894,18877,11472
E08000029,98539,93651,10163,32114,E08000025,29458,E08000026,3654,E07000222,2327,E07000218,2301,E07000221,1612,E08000025,26479,E08000026,3072,E07000234,1896,E07000222,1800,E07000218,1697,16910,16430
E08000030,112780,97249,8251,47216,E08000025,16037,E08000028,8679,E08000031,7700,E07000194,2311,E07000192,2243,E08000031,8052,E08000028,6843,E08000025,5872,E07000196,3876,E07000192,3855,20343,13284
E08000031,104765,101119,7343,49388,E08000030,8052,E08000028,6133,E08000025,5842,E08000027,5249,E07000196,4448,E07000196,10381,E08000027,7757,E08000030,7700,E08000028,3780,E08000025,2760,18310,12010
E08000032,219947,199509,19562,129611,E08000035,27508,E08000033,6164,E08000034,4949,E07000163,4279,E08000036,2309,E08000035,16957,E08000034,8897,E08000033,8096,E07000163,3963,E08000036,1832,25565,10591
E08000033,97063,88616,9624,52014,E08000032,8096,E08000034,7387,E08000035,4988,E08000005,1131,E08000036,1014,E08000034,10196,E08000032,6164,E08000035,2401,E08000005,689,E08000036,681,12809,6847
E08000034,193183,154722,17926,102258,E08000035,19725,E08000033,10196,E08000032,8897,E08000036,7916,E08000016,1768,E08000033,7387,E08000035,6950,E08000036,6022,E08000032,4949,E08000016,2034,24497,7196
E08000035,356677,387410,29997,236326,E08000032,16957,E08000036,12682,E08000034,6950,E07000165,6019,E06000014,2582,E08000032,27508,E08000036,21568,E08000034,19725,E07000165,8481,E07000169,6193,45164,37612
E08000036,152354,141574,11496,84977,E08000035,21568,E08000034,6022,E08000016,3024,E07000169,2518,E08000017,1838,E08000035,12682,E08000034,7916,E08000016,7028,E07000169,3039,E08000017,2828,20911,11608
E06000001,37894,31643,2506,20777,E06000004,3865,E06000047,2269,E06000002,1591,E08000024,651,E06000003,534,E06000047,2665,E06000004,2590,E06000002,990,E06000003,558,E08000024,399,5701,1158
E06000002,54709,58885,3373,25474,E06000004,8889,E06000003,5111,E07000164,1450,E06000005,1030,E06000001,990,E06000004,10779,E06000003,10569,E07000164,1817,E06000047,1656,E06000001,1591,8392,3626
E06000003,56593,41992,4100,25106,E06000002,10569,E06000004,5387,E07000164,1322,E06000005,682,E06000001,558,E06000002,5111,E06000004,3652,E07000164,932,E07000168,632,E06000047,592,8869,1867
E06000004,87397,80761,6438,44337,E06000002,10779,E06000003,3652,E06000005,3317,E06000001,2590,E06000047,2513,E06000002,8889,E06000003,5387,E06000047,4176,E06000001,3865,E06000005,3014,13771,4655
E06000005,49215,49353,4237,26671,E06000047,4629,E06000004,3014,E07000164,1328,E06000002,1300,E07000166,1286,E06000047,8552,E06000004,3317,E07000166,1387,E06000002,1030,E06000003,682,6750,3477
E06000006,57771,54091,3741,27270,E06000007,5786,E08000012,4518,E06000050,2680,E08000011,2043,E08000013,1500,E06000007,4674,E06000050,3663,E08000012,2890,E08000013,2265,E08000011,1738,10233,7850
E06000007,101235,109046,9452,50422,E06000006,4674,E08000003,4232,E08000009,3226,E08000012,2628,E08000013,2516,E08000013,6804,E08000010,6539,E06000006,5786,E06000050,3894,E08000012,3191,24085,22958
E06000008,60726,60775,4986,31801,E07000120,3351,E07000123,2315,E07000124,1942,E08000001,1827,E07000117,1331,E07000120,6278,E07000124,3126,E07000117,2103,E08000001,1490,E07000118,1328,13173,9663
E06000009,61782,58743,6270,32638,E07000119,7312,E07000128,4902,E07000123,1897,E07000126,504,E07000121,354,E07000128,10119,E07000119,5167,E07000123,1096,E07000126,552,E07000121,500,7905,2401
E06000010,111269,117798,5742,73454,E06000011,18534,E06000012,704,E06000013,601,E08000035,393,E06000014,288,E06000011,33138,E06000013,1391,E06000012,685,E06000014,323,E08000035,308,11553,2757
E06000011,159885,123524,19401,73929,E06000010,33138,E06000014,5464,E07000169,2524,E08000035,1858,E07000168,1622,E06000010,18534,E06000014,1957,E08000017,1631,E07000169,1607,E06000013,1107,21949,5358
E06000012,71144,66237,4690,49985,E06000013,4692,E07000137,1257,E07000142,864,E06000010,685,E06000011,330,E06000013,3803,E07000137,3336,E07000142,1760,E06000010,704,E06000011,548,8641,1411
E06000013,78459,72135,6960,50420,E06000012,3803,E08000017,2605,E07000142,1421,E06000010,1391,E06000011,1107,E06000012,4692,E07000142,2944,E08000017,1995,E06000011,1119,E06000010,601,10752,3404
E06000014,99183,97282,9422,62209,E08000035,5023,E07000164,2915,E07000165,2194,E06000011,1957,E07000169,1805,E06000011,5464,E07000169,5093,E08000035,2582,E07000164,2158,E07000167,2125,13658,8229
E06000015,112844,117143,7899,67574,E07000032,3692,E07000039,3517,E07000036,3194,E06000018,2671,E07000134,2616,E07000032,8364,E07000039,7897,E07000036,6348,E07000193,2488,E07000035,1837,21681,14736
E06000016,137987,155156,9486,78479,E07000129,11508,E07000135,5568,E07000130,5496,E07000131,3737,E07000132,1962,E07000130,15359,E07000129,13849,E07000135,9930,E07000131,6397,E07000132,6251,21751,15405
E06000017,18195,17230,3076,7378,E07000141,1244,E06000031,1015,E06000016,640,E07000133,484,E07000150,450,E07000141,2301,E07000133,1036,E06000031,414,E07000150,372,E07000131,298,3908,2355
E06000018,123743,165655,8957,67048,E07000176,6962,E07000173,6117,E07000172,4890,E07000170,2860,E07000036,1801,E07000173,20015,E07000172,15394,E07000176,15002,E07000170,7571,E07000036,6560,25108,25108
E06000019,91250,80222,15685,53751,E07000235,1835,E06000051,1278,E07000080,1178,E07000237,1144,W06000023,918,E07000080,1678,E07000235,1341,W06000023,1185,E06000051,1173,W06000021,837,15461,4572
E06000020,78624,78613,6395,48842,E06000051,8185,E08000031,1770,E08000025,1096,E07000197,879,E08000030,543,E06000051,11105,E08000031,2462,E07000196,1446,E07000197,1155,E08000025,715,10914,6493
E06000021,108538,107251,7010,60210,E07000195,11756,E07000198,5182,E07000197,5119,E06000049,3774,E07000193,1394,E07000195,16237,E07000198,9529,E07000197,4631,E06000049,4057,E07000193,578,14093,4999
E06000022,85473,83715,10854,43620,E06000023,8409,E06000025,3927,E06000054,3387,E07000187,2900,E06000024,1171,E06000054,8292,E06000023,5333,E06000025,4977,E07000187,4285,E06000024,1177,11205,5177
E06000023,210925,220536,18044,121585,E06000025,28895,E06000024,7109,E06000022,5333,E06000054,1478,E06000030,834,E06000025,34636,E06000024,17547,E06000022,8409,E06000054,2758,E07000188,1599,27647,15958
E06000024,98256,76306,11985,45508,E06000023,17547,E06000025,5711,E07000188,2359,E06000022,1177,E07000190,477,E06000023,7109,E07000188,3423,E06000025,2774,E06000022,1171,E07000187,680,13492,3656
E06000025,137271,131837,13014,59464,E06000023,34636,E06000022,4977,E06000024,2774,E07000082,1568,E06000054,1562,E06000023,28895,E06000024,5711,E06000022,3927,E06000054,3161,E07000082,3132,19276,14533
E06000026,117891,113223,7990,79440,E07000044,9211,E06000052,3742,E07000041,1096,E07000047,1028,E07000045,866,E06000052,9425,E07000044,6995,E07000047,2973,E07000045,1128,E06000027,784,14518,4488
E06000027,57396,47912,7035,32308,E07000045,5192,E07000044,2668,E07000041,2127,E06000026,784,E07000040,415,E07000045,4736,E07000044,1896,E06000026,675,E07000041,385,E07000040,161,6867,716
E06000028,89720,73666,9272,39184,E06000029,14269,E07000048,4781,E07000049,3909,E07000091,2607,E06000045,930,E06000029,10852,E07000049,4106,E07000048,4062,E07000091,2210,E07000051,937,14768,3043
E06000029,72164,73484,7601,33835,E06000028,10852,E07000049,3898,E07000051,2213,E07000048,1334,E07000091,945,E06000028,14269,E07000049,5875,E07000051,4148,E07000050,1330,E07000048,1233,11486,5193
E06000030,109872,100947,8926,68153,E06000054,7174,E07000180,2552,E06000037,1778,E07000079,1776,E07000094,1480,E06000054,10569,E07000079,1915,E07000180,1355,E06000023,834,E06000037,772,18033,8423
E06000031,88414,95102,7250,55300,E07000011,3843,E07000141,2682,E07000010,2190,E07000152,1158,E07000140,1141,E07000141,7791,E07000011,6026,E07000010,4980,E07000140,3266,E07000152,1625,14850,8864
E06000032,89589,81670,6239,41083,E06000056,8401,E07000100,3212,E07000096,2377,E07000104,2063,E06000042,1979,E06000056,12780,E07000100,1819,E07000099,1721,E06000055,1682,E06000042,1469,24235,14877
E06000033,81899,65124,7586,36877,E07000075,4958,E07000066,4407,E09000001,3908,E07000069,2577,E09000030,1717,E07000075,8466,E07000069,4869,E07000066,2229,E07000070,917,E06000034,750,19869,3430
E06000034,77668,56687,5233,29650,E07000066,5310,E09000016,3429,E09000001,3428,E09000030,2630,E09000002,2549,E09000016,3674,E07000066,3470,E07000069,1638,E09000002,1396,E06000033,1192,25439,10434
E06000035,127127,86333,9994,53629,E07000110,7578,E07000115,6354,E07000113,4201,E07000107,3977,E07000109,3185,E07000113,4751,E07000110,4165,E07000115,2523,E07000109,2389,E07000106,1099,38209,7783
E06000036,62184,54435,6931,19001,E06000040,4910,E06000041,4620,E07000214,2803,E06000038,1936,E06000039,1878,E06000041,6371,E06000038,2247,E06000040,2135,E07000089,1959,E07000214,1624,20105,14167
E06000037,82149,80786,10864,36364,E06000038,9199,E07000084,2744,E06000041,2498,E07000180,1192,E07000179,1170,E07000084,7670,E06000038,6255,E06000041,2659,E06000054,2221,E06000030,1778,18118,12975
E06000038,80199,83307,7080,33960,E06000041,7778,E06000037,6255,E07000179,2615,E06000036,2247,E06000040,1361,E06000041,12616,E06000037,9199,E07000179,2514,E07000084,2006,E06000036,1936,18903,13996
E06000039,67557,68361,5017,24062,E06000040,6380,E09000017,5458,E07000006,3486,E09000018,2148,E09000009,1200,E06000040,5865,E07000006,3618,E09000017,3046,E09000018,2172,E07000007,2058,19806,22523
E06000040,74499,71115,11072,23072,E06000039,5865,E09000017,2868,E07000007,2810,E06000036,2135,E09000033,1987,E06000039,6380,E06000036,4910,E06000041,3124,E07000007,2983,E07000006,1868,24690,17706
E06000041,81786,63438,10984,21690,E06000038,12616,E06000036,6371,E06000040,3124,E06000037,2659,E06000039,1767,E06000038,7778,E06000036,4620,E06000037,2498,E06000040,1692,E07000089,1235,22575,12941
E06000042,128238,135005,12598,77957,E06000056,4100,E07000004,2708,E06000055,2129,E07000154,2093,E06000032,1469,E06000056,8061,E07000155,5631,E07000004,4945,E07000154,4221,E06000055,3909,25184,17683
E06000043,140638,122192,17665,72648,E07000063,4407,E07000228,4008,E07000226,3715,E07000223,3077,E07000229,2803,E07000063,8478,E07000223,6615,E07000228,3492,E07000229,3315,E07000227,1720,32315,8259
E06000044,97004,100974,7182,52520,E07000090,7155,E07000087,4223,E07000094,2627,E07000225,1923,E07000085,1669,E07000090,10915,E07000087,7819,E07000088,5942,E07000085,2474,E07000094,2098,19705,12024
E06000045,113043,103339,7851,53597,E07000086,12738,E07000091,5481,E07000094,5368,E07000093,4674,E07000087,2485,E07000086,11193,E07000091,9114,E07000093,4827,E07000087,3460,E07000094,2923,20849,10374
E06000046,59735,51679,7457,42139,E06000044,736,E06000045,521,E07000093,366,E06000029,179,E07000091,145,W06000022,283,E06000045,178,E06000044,176,E06000029,134,E07000048,121,8192,1191
E06000056,132767,87144,15014,39661,E06000032,12780,E06000042,8061,E06000055,6986,E07000099,5726,E07000096,3094,E06000032,8401,E06000055,5514,E06000042,4100,E07000099,1792,E07000004,1593,41445,11069
E06000055,76270,69236,8065,39779,E06000056,5514,E06000042,3909,E06000032,1682,E07000011,1448,E07000154,779,E06000056,6986,E07000011,2520,E07000152,2344,E06000042,2129,E06000032,1252,15094,6161
E07000004,91251,68107,12395,35881,E06000042,4945,E07000007,3680,E07000096,2720,E07000179,2622,E07000177,2160,E06000042,2708,E06000056,2159,E07000007,2094,E07000096,1634,E07000179,1586,26848,9650
E07000005,45189,31752,7343,11018,E07000007,3446,E09000033,2127,E07000006,2030,E09000017,1805,E07000004,1084,E07000007,3430,E07000004,2141,E07000096,1285,E07000006,1050,E07000102,580,16336,4905
E07000006,33442,30776,5354,4819,E06000039,3618,E09000017,3478,E06000040,1868,E07000007,1600,E09000033,1168,E06000039,3486,E07000007,3222,E09000017,2046,E07000005,2030,E06000040,1615,11537,8204
E07000007,86901,73774,11631,34897,E07000005,3430,E07000006,3222,E06000040,2983,E09000017,2508,E07000004,2094,E07000004,3680,E07000005,3446,E06000040,2810,E07000179,2236,E07000006,1600,26136,13474
E07000008,59865,91514,6570,33704,E07000012,8272,E07000011,855,E07000009,667,E09000033,608,E09000007,431,E07000012,23367,E07000009,7206,E07000011,4716,E07000204,2858,E07000201,1852,8758,11241
E07000009,44228,27810,5818,13776,E07000008,7206,E07000012,4554,E07000201,3348,E07000011,907,E07000204,683,E07000201,1910,E07000010,1259,E07000012,1042,E07000146,713,E07000008,667,7936,2625
E07000010,44777,34289,4764,19515,E06000031,4980,E07000011,2622,E07000146,2032,E07000009,1259,E07000008,1003,E07000146,3509,E06000031,2190,E07000140,1294,E07000011,842,E07000009,626,8602,1549
E07000011,89440,71477,10346,40861,E06000031,6026,E07000012,5830,E07000008,4716,E06000055,2520,E06000056,1270,E06000031,3843,E07000012,2690,E07000010,2622,E06000055,1448,E07000152,1251,17871,8416
E07000012,79690,69462,10714,23832,E07000008,23367,E07000011,2690,E07000099,1812,E07000077,1178,E07000009,1042,E07000008,8272,E07000011,5830,E07000009,4554,E07000204,2302,E07000099,2100,15055,11858
E06000050,161037,148740,17470,80360,E06000049,9041,W06000005,7729,E08000015,6135,E06000007,3894,E08000012,3754,W06000005,10693,E08000015,10189,E06000049,7996,W06000006,4263,E06000006,2680,32654,15089
E06000049,182448,171153,23884,94009,E08000003,9445,E06000050,7996,E08000007,6808,E06000021,4057,E08000009,3510,E06000050,9041,E08000007,8560,E07000195,4557,E08000003,4162,E06000021,3774,32739,23166
E06000052,246549,214421,39626,163569,E06000026,9425,E07000047,1385,E07000044,1120,E07000046,775,E07000041,660,E06000026,3742,E07000047,1150,E07000046,1052,E07000044,377,E06000043,307,29989,4598
E07000026,46455,38101,6229,25436,E07000029,5468,E07000028,3832,E07000030,1063,E07000027,278,E07000031,228,E07000029,3473,E07000028,1337,E07000030,578,E07000031,178,E07000027,170,3921,700
E07000027,31344,29719,2029,22590,E07000031,2695,E07000029,705,E07000028,260,E07000121,177,E07000026,170,E07000031,3324,E07000029,526,E07000026,278,E07000028,218,E07000121,198,2718,556
E07000028,54198,53877,5605,38368,E07000030,2401,E07000026,1337,E07000029,365,E07000027,218,E06000048,195,E07000026,3832,E07000030,2082,E06000048,627,E07000029,544,E07000031,325,5709,2494
E07000029,33073,33140,2850,22371,E07000026,3473,E07000028,544,E07000027,526,E07000031,409,E07000030,389,E07000026,5468,E07000027,705,E07000028,365,E07000031,347,E07000030,172,2511,862
E07000030,27785,26822,5983,14630,E07000028,2082,E07000031,766,E07000026,578,E07000029,172,E06000048,105,E07000028,2401,E07000026,1063,E07000031,640,E07000029,389,E07000121,169,3469,1547
E07000031,52190,48461,9356,29454,E07000027,3324,E07000121,2007,E07000030,640,E07000029,347,E07000028,325,E07000121,3046,E07000027,2695,E07000030,766,E07000163,413,E07000029,409,6737,2322
E07000032,59625,51065,5781,23506,E06000015,8364,E07000036,2533,E06000018,2163,E07000035,1986,E07000033,1677,E06000015,3692,E07000170,2568,E07000033,2513,E07000036,2170,E07000172,1733,13615,9102
E07000033,34676,27070,2886,8869,E07000034,3314,E07000032,2513,E07000170,2293,E07000174,1997,E07000171,1658,E07000174,2229,E07000170,2199,E07000034,1695,E07000032,1677,E07000038,1583,11146,5932
E07000034,48095,48585,3808,23428,E07000038,4423,E08000019,3137,E07000035,1958,E07000033,1695,E07000032,820,E07000038,8375,E07000033,3314,E08000019,3226,E07000035,1130,E08000018,677,8826,4627
E07000035,35354,33827,6559,14107,E06000015,1837,E08000019,1444,E07000037,1291,E07000032,1247,E07000034,1130,E07000032,1986,E07000034,1958,E07000038,1637,E06000015,1507,E07000037,1105,7739,4968
E07000036,55112,39471,4690,18158,E06000018,6560,E06000015,6348,E07000172,3968,E07000032,2170,E07000134,1891,E07000172,3761,E06000015,3194,E07000032,2533,E06000018,1801,E07000170,653,11327,4681
E07000037,45862,32544,5593,19288,E08000007,3324,E08000003,3314,E08000008,2735,E06000049,1709,E07000035,1105,E07000035,1291,E08000008,1287,E08000007,1060,E06000049,858,E08000019,510,8794,2657
E07000038,47132,27948,4799,9735,E08000019,8742,E07000034,8375,E07000035,1637,E07000032,1605,E07000033,1583,E07000034,4423,E08000019,3642,E07000033,1543,E08000018,748,E07000032,446,10656,2612
E07000039,48103,31000,5174,11520,E06000015,7897,E07000193,7129,E07000134,3995,E08000025,680,E06000018,626,E07000193,4025,E06000015,3517,E07000134,1443,E07000036,630,E07000032,526,11082,4165
E07000040,60554,49281,10383,26468,E07000041,11430,E07000042,927,E07000052,891,E07000189,767,E07000045,764,E07000041,4166,E07000042,1801,E07000045,1466,E07000189,627,E07000052,470,8924,3900
E07000041,57427,79715,4897,37667,E07000040,4166,E07000045,1870,E07000042,1499,E06000027,385,E06000026,373,E07000040,11430,E07000045,9258,E07000042,6738,E06000027,2127,E07000047,1339,6570,6259
E07000042,38866,27197,6981,14647,E07000041,6738,E07000040,1801,E07000190,1773,E07000043,670,E07000045,447,E07000041,1499,E07000040,927,E07000190,625,E07000043,593,E07000045,402,5809,1523
E07000043,45224,44293,7836,28722,E07000046,1640,E07000042,593,E07000041,588,E07000040,205,E07000190,134,E07000046,4987,E07000042,670,E07000040,177,E07000047,174,E06000052,165,5506,1562
E07000044,40479,39885,8102,14845,E06000026,6995,E06000027,1896,E07000045,1542,E07000041,869,E06000052,377,E06000026,9211,E06000027,2668,E07000045,1902,E06000052,1120,E07000047,461,5853,1576
E07000045,59453,45476,8819,24407,E07000041,9258,E06000027,4736,E07000044,1902,E07000040,1466,E06000026,1128,E06000027,5192,E07000041,1870,E07000044,1542,E06000026,866,E07000040,764,7737,2016
E07000046,29731,22000,6026,12399,E07000043,4987,E06000052,1052,E07000047,680,E07000041,405,E07000042,215,E07000043,1640,E06000052,775,E07000047,439,E08000032,192,E07000042,137,3967,392
E07000047,25527,19502,5419,9490,E06000026,2973,E07000041,1339,E06000052,1150,E07000044,461,E07000046,439,E06000052,1385,E06000026,1028,E07000046,680,E07000042,307,E07000045,289,4256,904
E07000048,20530,19033,2597,5759,E06000028,4062,E07000091,2330,E06000029,1233,E07000049,712,E06000045,308,E06000028,4781,E07000091,2056,E06000029,1334,E07000049,1188,E07000050,155,3529,1163
E07000049,40451,30742,6109,11102,E06000029,5875,E06000028,4106,E07000091,2490,E07000048,1188,E06000054,878,E06000028,3909,E06000029,3898,E07000091,1369,E07000050,918,E07000051,715,8703,2722
E07000050,33765,27334,5454,14918,E06000054,1886,E07000189,1396,E07000052,1373,E06000029,1330,E07000049,918,E07000189,1154,E06000054,1136,E07000052,850,E07000049,810,E06000029,662,6490,2350
E07000051,21662,18516,3227,7655,E06000029,4148,E07000052,972,E06000028,937,E07000049,715,E07000050,508,E06000029,2213,E07000052,1263,E07000053,1022,E06000028,791,E07000049,726,3500,1619
E07000052,46237,48707,8443,22205,E07000189,3410,E07000053,2163,E07000051,1263,E07000050,850,E06000029,686,E07000053,8355,E07000189,3721,E07000050,1373,E07000051,972,E07000040,891,7217,2747
E07000053,30170,19001,3046,12508,E07000052,8355,E07000051,1022,E07000189,469,E06000029,428,E07000050,215,E07000052,2163,E07000051,147,E07000091,138,E06000029,111,E07000050,92,4127,796
E06000047,228857,183683,21017,127585,E08000024,15709,E08000020,10267,E08000021,8682,E06000005,8552,E06000004,4176,E08000024,9409,E06000005,4629,E08000020,4317,E06000004,2513,E08000021,2311,32869,11902
E07000061,44793,40251,4497,23381,E07000065,4249,E07000063,1863,E06000043,1361,E07000064,985,E07000062,870,E07000065,6556,E07000064,1477,E07000063,1359,E07000062,1187,E06000043,765,7587,1029
E07000062,40924,32816,4462,20348,E07000064,5247,E07000061,1187,E07000065,831,E07000116,657,E07000063,341,E07000064,5091,E07000061,870,E07000065,710,E07000063,233,E07000116,176,7851,926
E07000063,46016,36041,6481,15157,E06000043,8478,E07000228,2131,E07000065,1812,E07000061,1359,E07000226,934,E06000043,4407,E07000065,3145,E07000061,1863,E07000228,1803,E07000223,487,9664,2698
E07000064,38065,28275,6541,12104,E07000062,5091,E07000065,1736,E07000116,1520,E07000061,1477,E07000105,502,E07000062,5247,E07000065,1381,E07000061,985,E07000116,485,E07000105,335,9094,1197
E07000065,71755,48613,12045,21579,E07000061,6556,E07000116,4119,E07000063,3145,E07000228,2375,E06000043,1517,E07000061,4249,E07000063,1812,E07000064,1736,E07000116,1586,E07000228,1358,20419,4248
E07000066,83490,74913,6629,32213,E09000001,4569,E06000034,3470,E07000070,3221,E07000068,2992,E09000030,2240,E06000034,5310,E07000069,5083,E07000070,4618,E06000033,4407,E07000075,3209,28156,13444
E07000067,74572,50812,8664,26964,E07000070,6854,E07000077,3830,E07000071,3665,E09000001,2049,E07000074,1363,E07000071,3617,E07000070,2634,E07000074,1339,E07000200,1142,E07000077,886,21183,5566
E07000068,36621,30892,4275,8872,E09000001,3037,E09000016,2375,E07000066,1970,E07000070,1656,E09000030,1389,E07000066,2992,E09000016,2706,E07000070,2523,E06000034,1278,E07000072,711,13047,7535
E07000069,41711,20875,3683,9725,E07000066,5083,E06000033,4869,E09000001,1920,E06000034,1638,E07000075,1554,E06000033,2577,E07000075,1479,E07000066,1331,E06000034,445,E07000070,411,13239,1224
E07000070,86925,75805,9002,36228,E07000066,4618,E09000001,4130,E07000067,2634,E07000068,2523,E09000030,1733,E07000067,6854,E07000074,4122,E07000066,3221,E07000071,2525,E07000068,1656,26057,12197
E07000071,86075,77026,8789,45269,E07000076,3784,E07000067,3617,E07000070,2525,E09000001,1859,E07000202,1434,E07000076,8737,E07000067,3665,E07000200,2440,E07000202,1315,E07000074,1137,18798,5674
E07000072,62256,41366,7327,12530,E09000001,3652,E09000026,3260,E09000033,2865,E09000030,2621,E09000031,2425,E07000073,2788,E09000026,2770,E09000031,2016,E07000095,1576,E07000097,1297,27576,11062
E07000073,40562,36287,2808,17485,E07000072,2788,E07000097,2737,E07000095,1398,E07000077,1002,E09000010,824,E07000097,3467,E07000072,2132,E07000077,1412,E07000095,1003,E07000070,528,11520,7452
E07000074,30543,20093,4201,9379,E07000070,4122,E07000067,1339,E07000066,1274,E07000071,1137,E09000001,830,E07000070,1727,E07000071,1384,E07000067,1363,E07000066,258,E07000075,196,8261,1585
E07000075,40878,22864,4112,8341,E06000033,8466,E07000066,3209,E09000001,2192,E07000069,1479,E07000070,1404,E06000033,4958,E07000069,1554,E07000066,1327,E07000070,658,E06000034,297,11675,1617
E07000076,55406,39328,6441,26124,E07000071,8737,E07000202,1071,E07000067,811,E07000070,672,E07000200,632,E07000071,3784,E07000200,670,E07000202,406,E07000067,391,E07000205,178,10918,1334
E07000077,41144,37022,6398,13006,E07000097,2972,E07000073,1412,E07000008,1383,E07000012,1321,E09000001,1296,E07000067,3830,E07000097,3418,E07000012,1178,E07000073,1002,E07000070,962,13356,7228
E07000078,59529,59786,6199,29462,E07000083,6313,E07000081,4454,E07000079,1768,E07000082,1191,E07000238,584,E07000083,8293,E07000081,5057,E07000082,1947,E07000079,1487,E07000080,1073,9558,6268
E07000079,42048,40174,8268,16221,E06000030,1915,E07000078,1487,E06000054,1398,E07000181,1052,E07000082,957,E07000082,2334,E06000054,1982,E06000030,1776,E07000078,1768,E07000238,1460,10750,6365
E07000080,39372,27004,5618,15379,E07000081,4036,E06000019,1678,W06000021,1661,E07000083,1646,E07000078,1073,E06000019,1178,W06000021,1070,E07000081,1054,E07000083,464,E07000078,311,8281,1930
E07000081,61652,59945,4439,29407,E07000083,7053,E07000078,5057,E07000082,4699,E07000080,1054,E07000079,948,E07000082,5492,E07000083,5457,E07000078,4454,E07000080,4036,E06000019,797,8995,5863
E07000082,57745,45592,8353,23998,E07000081,5492,E06000025,3132,E07000079,2334,E07000078,1947,E07000083,1791,E07000081,4699,E06000025,1568,E07000078,1191,E07000079,957,E07000083,946,10698,3880
E07000083,41849,43430,5331,12915,E07000078,8293,E07000081,5457,E07000082,946,E07000238,899,E07000079,873,E07000081,7053,E07000078,6313,E07000238,1865,E07000082,1791,E07000080,1646,7135,6516
E07000084,90556,78495,10185,42909,E06000037,7670,E07000089,2894,E06000038,2006,E07000094,1429,E07000093,1302,E06000037,2744,E07000089,2457,E07000093,2359,E07000094,1616,E07000085,1323,22161,14902
E07000085,58977,43187,8703,19022,E07000216,3866,E06000044,2474,E07000090,2359,E07000209,1804,E07000094,1753,E07000090,2961,E07000216,1671,E06000044,1669,E07000225,1159,E07000094,1136,18996,6866
E07000086,66048,58933,6277,20191,E06000045,11193,E07000094,8832,E07000093,2445,E07000087,2305,E07000091,1801,E06000045,12738,E07000093,3253,E07000087,3206,E07000094,3034,E07000091,2723,13004,7511
E07000087,56774,46730,5726,16395,E06000044,7819,E07000094,4943,E06000045,3460,E07000086,3206,E07000088,2878,E07000088,7090,E06000044,4223,E06000045,2485,E07000086,2305,E07000090,1944,12347,6562
E07000088,40213,23340,2921,13092,E07000087,7090,E06000044,5942,E07000094,1661,E07000086,1058,E07000090,947,E07000087,2878,E06000044,1318,E07000090,525,E07000094,353,E06000045,346,7502,1907
E07000089,48313,36574,7053,11051,E07000092,4675,E07000214,2972,E07000084,2457,E06000036,1959,E07000209,1294,E07000092,3238,E07000084,2894,E07000214,1245,E06000036,1168,E06000041,920,16852,9005
E07000090,55875,41444,5043,18735,E06000044,10915,E07000225,3100,E07000085,2961,E07000087,1944,E07000094,1775,E06000044,7155,E07000085,2359,E07000087,1832,E07000225,1470,E07000094,1237,11402,3613
E07000091,83749,68782,11529,34509,E06000045,9114,E07000086,2723,E07000093,2463,E06000028,2210,E07000048,2056,E06000045,5481,E06000028,2607,E07000049,2490,E07000048,2330,E07000086,1801,19145,8035
E07000092,51271,45949,4565,16367,E07000214,4693,E07000209,3579,E07000089,3238,E07000216,2703,E06000036,1158,E07000089,4675,E07000214,2806,E07000209,2656,E07000216,2174,E07000085,1236,14968,11470
E07000093,60042,53532,7563,23013,E06000045,4827,E07000094,4021,E07000086,3253,E06000054,2539,E07000084,2359,E06000054,5394,E06000045,4674,E07000091,2463,E07000086,2445,E07000094,1556,12467,6424
E07000094,57793,71747,8857,20961,E07000086,3034,E06000045,2923,E06000044,2098,E07000087,1909,E07000084,1616,E07000086,8832,E06000045,5368,E07000087,4943,E07000093,4021,E06000044,2627,16395,16138
E07000095,46481,33723,3949,11623,E09000010,5002,E07000097,3553,E07000072,1576,E07000104,1526,E09000001,1522,E07000097,3601,E09000010,2203,E07000072,1781,E07000073,1398,E07000104,722,17730,8446
E07000096,73921,59841,9021,27003,E07000100,3420,E07000103,3278,E07000102,2102,E09000033,2050,E07000004,1634,E06000056,3094,E07000004,2720,E06000032,2377,E07000100,2241,E07000102,1497,25413,11888
E07000097,72644,52482,8817,21543,E07000095,3601,E07000104,3530,E07000073,3467,E07000077,3418,E09000001,2717,E07000095,3553,E07000077,2972,E07000073,2737,E07000101,1558,E07000099,1543,25551,9759
E07000098,49933,41921,6292,10378,E09000003,4206,E07000103,2466,E09000033,2340,E07000100,1698,E09000007,1671,E09000003,3595,E07000103,2352,E07000100,2122,E09000015,1722,E07000104,1682,20882,13778
E07000099,65407,48019,7732,19932,E07000101,6362,E07000104,3943,E07000012,2100,E06000056,1792,E06000032,1721,E06000056,5726,E07000101,3710,E07000012,1812,E06000032,1282,E07000097,968,21825,6857
E07000100,71818,56695,9411,20475,E07000104,4793,E09000001,3540,E09000033,3170,E07000096,2241,E07000098,2122,E07000096,3420,E06000032,3212,E07000104,3196,E06000056,2468,E07000098,1698,26066,12815
E07000101,42934,41472,3233,17491,E07000099,3710,E07000104,3669,E07000097,1558,E07000100,758,E09000033,617,E07000099,6362,E06000056,3085,E07000097,1570,E07000104,1474,E06000032,1106,11898,7151
E07000102,44333,31421,5540,7297,E07000103,5747,E09000017,2352,E09000033,2020,E09000015,1801,E07000096,1497,E07000103,3483,E07000096,2102,E09000017,1462,E09000015,1362,E07000098,849,18079,9326
E07000103,47835,47320,4093,14428,E07000102,3483,E07000098,2352,E09000033,1705,E07000100,1539,E07000096,1461,E07000102,5747,E07000096,3278,E07000098,2466,E09000015,2377,E07000100,1732,18774,13199
E07000104,53358,64453,5566,20391,E07000100,3196,E07000098,1682,E09000033,1482,E07000101,1474,E07000097,1430,E07000100,4793,E07000099,3943,E07000101,3669,E07000097,3530,E06000056,2285,18137,20276
E07000105,57956,49647,7381,27231,E07000110,2882,E07000112,2639,E07000106,1843,E07000116,1138,E07000115,953,E07000112,4759,E07000106,1897,E07000110,1636,E07000108,1379,E07000113,983,13889,4381
E07000106,66079,61776,7749,34548,E07000113,2367,E07000108,2321,E07000114,2232,E07000105,1897,E06000035,1099,E07000108,4896,E07000114,4564,E07000113,3390,E07000112,1954,E07000105,1843,13866,2832
E07000107,49818,50340,3851,13901,E09000004,5065,E09000033,2127,E07000109,1929,E07000111,1853,E09000011,1797,E07000109,6710,E09000004,5948,E06000035,3977,E07000111,3010,E09000011,1740,19295,11203
E07000108,50716,39275,5313,24003,E07000106,4896,E07000112,4572,E07000114,1899,E07000105,1379,E07000110,551,E07000114,2874,E07000112,2632,E07000106,2321,E07000105,570,E07000113,323,8103,1239
E07000109,47868,27109,3964,12990,E07000107,6710,E06000035,2389,E09000004,1864,E09000033,1338,E09000001,1159,E06000035,3185,E07000107,1929,E07000111,666,E09000004,586,E07000110,569,17454,3220
E07000110,78511,69939,9267,30693,E07000115,7479,E06000035,4165,E07000116,2671,E07000105,1636,E07000113,1533,E06000035,7578,E07000115,5471,E07000113,3190,E07000105,2882,E07000116,1838,21067,9020
E07000111,56499,41542,7846,12767,E09000006,3095,E07000107,3010,E09000001,3004,E09000033,2524,E07000115,2119,E07000115,3378,E09000006,2679,E07000116,1924,E07000107,1853,E09000004,1151,22134,9944
E07000112,48639,40045,5431,23622,E07000105,4759,E07000108,2632,E07000106,1954,E07000110,795,E07000115,366,E07000108,4572,E07000105,2639,E07000106,1097,E07000114,655,E07000110,268,9080,1761
E07000113,63118,46956,6524,27833,E06000035,4751,E07000106,3390,E07000110,3190,E07000115,1459,E07000105,983,E06000035,4201,E07000106,2367,E07000110,1533,E07000105,706,E07000114,568,14988,3224
E07000114,55589,42790,5905,31039,E07000106,4564,E07000108,2874,E07000112,655,E07000113,568,E07000105,521,E07000106,2232,E07000108,1899,E07000112,349,E07000113,303,E06000035,156,9463,907
E07000115,60326,55183,6917,17501,E07000110,5471,E07000116,4261,E07000111,3378,E06000035,2523,E09000001,1817,E07000110,7479,E06000035,6354,E07000116,4062,E07000111,2119,E07000113,1459,18458,9292
E07000116,57630,50381,8177,22088,E07000115,4062,E09000001,2098,E07000111,1924,E07000110,1838,E09000033,1832,E07000115,4261,E07000065,4119,E07000110,2671,E07000064,1520,E07000111,1278,15611,6267
E07000117,38304,34961,2971,17395,E07000122,4692,E07000120,2151,E06000008,2103,E07000124,1187,E07000125,825,E07000122,5159,E07000120,2149,E07000125,1588,E06000008,1331,E07000124,1173,6980,3195
E07000118,53890,38164,5890,17280,E07000126,6537,E07000123,4770,E08000001,2453,E08000010,1912,E06000008,1328,E07000126,4071,E08000010,2048,E08000001,1468,E07000123,1374,E07000127,942,13720,5091
E07000119,34796,40963,4152,15100,E06000009,5167,E07000123,2904,E07000128,1310,E07000126,611,E07000124,412,E06000009,7312,E07000128,3353,E07000123,3320,E07000126,2112,E07000118,818,5140,4796
E07000120,36138,28794,2898,13194,E06000008,6278,E07000117,2149,E07000124,1923,E07000125,1337,E07000122,851,E06000008,3351,E07000117,2151,E07000124,1433,E07000125,1330,E07000122,1226,7508,3211
E07000121,63197,54663,6772,39800,E07000031,3046,E07000123,1657,E07000128,1040,E07000119,536,E06000009,500,E07000031,2007,E07000128,1452,E07000123,542,E07000163,516,E06000009,354,9846,3220
E07000122,39498,32025,3423,18170,E07000117,5159,E07000163,1713,E06000008,1249,E07000120,1226,E07000124,1108,E07000117,4692,E07000120,851,E07000125,701,E07000124,645,E06000008,636,7450,2907
E07000123,64462,83547,5113,34082,E07000126,5186,E07000119,3320,E07000124,1891,E07000118,1374,E07000128,1299,E07000126,13492,E07000118,4770,E07000119,2904,E07000128,2404,E06000008,2315,12197,18467
E07000124,28940,28146,4175,9896,E06000008,3126,E07000123,2155,E07000120,1433,E07000117,1173,E07000122,645,E06000008,1942,E07000120,1923,E07000123,1891,E07000126,1298,E07000117,1187,6337,5834
E07000125,32936,21756,3322,10863,E08000005,2587,E08000002,2176,E07000117,1588,E08000003,1511,E07000120,1330,E07000120,1337,E08000002,1281,E08000005,892,E07000117,825,E06000008,648,9559,2588
E07000126,56036,45797,4775,17478,E07000123,13492,E07000118,4071,E07000119,2112,E07000124,1298,E06000008,1276,E07000118,6537,E07000123,5186,E08000010,1405,E06000008,1278,E07000127,1177,11534,7961
E07000127,52045,46210,5768,20637,E08000014,5476,E08000012,3042,E08000010,2483,E07000123,1298,E08000013,1177,E08000014,5220,E08000010,4763,E08000013,1775,E08000012,1461,E07000118,1077,12164,5509
E07000128,48895,34065,5543,17703,E06000009,10119,E07000119,3353,E07000123,2404,E07000121,1452,E07000126,534,E06000009,4902,E07000119,1310,E07000123,1299,E07000121,1040,E07000126,404,7787,1864
E07000129,48510,48584,4867,12068,E06000016,13849,E07000131,2439,E07000132,2310,E07000135,2131,E07000130,1400,E06000016,11508,E07000132,3901,E07000130,3452,E07000131,2920,E07000135,2479,9446,7389
E07000130,79998,63138,8061,32037,E06000016,15359,E07000129,3452,E07000134,3263,E06000018,1358,E07000132,1120,E06000016,5496,E07000134,3650,E07000176,2048,E07000133,1454,E07000132,1443,15348,8949
E07000131,44413,39284,6578,13159,E06000016,6397,E07000129,2920,E07000135,1628,E07000220,983,E07000153,910,E06000016,3737,E07000129,2439,E07000132,2067,E07000220,1318,E07000153,1267,11838,8719
E07000132,54065,39011,5915,17419,E06000016,6251,E07000129,3901,E07000219,2104,E07000131,2067,E07000134,1870,E07000219,2606,E07000129,2310,E06000016,1962,E07000134,1475,E07000130,1120,14538,6204
E07000133,26380,20490,3578,10770,E06000016,1802,E07000130,1454,E06000017,1036,E06000018,865,E07000141,801,E07000130,1009,E06000016,984,E07000141,894,E07000176,561,E06000017,484,6074,2210
E07000134,46522,50615,5069,18880,E07000130,3650,E06000016,2318,E07000132,1475,E07000039,1443,E07000129,1323,E07000039,3995,E07000130,3263,E06000015,2616,E07000036,1891,E07000132,1870,12364,13031
E07000135,26550,19584,2235,5479,E06000016,9930,E07000129,2479,E07000131,1126,E07000130,699,E07000132,396,E06000016,5568,E07000129,2131,E07000131,1628,E07000130,825,E07000132,458,4206,1260
E07000136,30978,28592,2892,18205,E07000140,2920,E07000137,1432,E07000139,807,E07000141,312,E07000138,280,E07000137,3278,E07000140,1677,E07000139,1121,E07000141,321,E07000138,187,4130,911
E07000137,56911,47780,8931,30498,E06000012,3336,E07000136,3278,E07000138,1527,E07000139,1051,E07000142,846,E07000136,1432,E07000139,1396,E06000012,1257,E07000142,919,E07000138,774,7444,2573
E07000138,44776,52138,3132,23423,E07000139,6795,E07000142,2230,E07000175,1426,E07000137,774,E07000141,426,E07000139,11050,E07000142,7888,E07000137,1527,E07000175,959,E07000141,647,6570,3512
E07000139,52708,42194,6063,19805,E07000138,11050,E07000141,2247,E07000137,1396,E07000175,1338,E07000142,1291,E07000138,6795,E07000142,1978,E07000141,1501,E07000137,1051,E07000175,917,9518,4084
E07000140,41801,35834,5066,21813,E06000031,3266,E07000136,1677,E07000141,1303,E07000010,1294,E07000146,1059,E07000136,2920,E07000141,1339,E06000031,1141,E07000146,901,E07000010,727,6323,1927
E07000141,66971,52797,8118,30494,E06000031,7791,E06000017,2301,E07000139,1501,E07000140,1339,E07000175,1114,E06000031,2682,E07000139,2247,E07000140,1303,E06000017,1244,E07000175,1079,14313,5630
E07000142,42323,28470,5866,13435,E07000138,7888,E06000013,2944,E07000139,1978,E06000012,1760,E07000171,1054,E07000138,2230,E06000013,1421,E07000139,1291,E06000012,864,E07000137,846,7398,2517
E07000143,61794,45987,7706,25903,E07000148,4628,E07000149,4201,E07000146,2549,E07000201,2404,E07000204,2303,E07000149,2697,E07000146,1661,E07000148,1504,E07000201,1187,E07000144,1157,12100,4172
E07000144,62011,42622,6892,16872,E07000148,19976,E07000149,4779,E07000147,2711,E07000145,1668,E07000143,1157,E07000148,7681,E07000149,3455,E07000147,3003,E07000143,1871,E07000145,1333,7956,1515
E07000145,41545,36924,3909,23765,E07000206,2787,E07000148,2031,E07000144,1333,E07000149,842,E07000147,825,E07000206,4142,E07000144,1668,E07000149,854,E07000148,848,E07000147,766,6053,972
E07000146,67770,58115,8183,38885,E07000010,3509,E07000143,1661,E07000147,1327,E07000201,1203,E07000140,901,E07000143,2549,E07000010,2032,E07000147,1273,E07000140,1059,E07000144,420,12101,3714
E07000147,43651,35850,7044,20300,E07000148,3540,E07000144,3003,E07000146,1273,E07000149,891,E07000145,766,E07000144,2711,E07000143,1338,E07000146,1327,E07000148,1078,E07000145,825,6834,1227
E07000148,62748,85370,4855,32123,E07000144,7681,E07000149,7025,E07000143,1504,E07000147,1078,E07000145,848,E07000144,19976,E07000149,13361,E07000143,4628,E07000147,3540,E07000145,2031,7634,4856
E07000149,60798,49712,8041,19000,E07000148,13361,E07000144,3455,E07000143,2697,E07000206,2303,E07000203,1782,E07000148,7025,E07000144,4779,E07000143,4201,E07000206,1650,E07000203,1372,10159,3644
E07000150,30779,29176,1880,18120,E07000153,3032,E07000154,982,E07000152,761,E07000156,438,E06000017,372,E07000153,3593,E07000152,1115,E07000131,637,E06000031,457,E06000017,450,5194,2924
E07000151,39789,35928,5867,12786,E07000154,6306,E07000220,1579,E07000155,1456,E07000177,905,E06000042,759,E07000154,4177,E07000220,3603,E08000026,1196,E07000155,1092,E07000153,763,10131,6444
E07000152,43651,27900,5264,12593,E07000156,4534,E07000154,3293,E07000153,2627,E06000055,2344,E06000031,1625,E07000156,2325,E07000153,1715,E06000031,1158,E07000154,858,E07000150,761,11371,3226
E07000153,47164,39150,4625,20545,E07000150,3593,E07000154,3559,E07000156,2656,E07000152,1715,E07000131,1267,E07000150,3032,E07000152,2627,E07000156,2239,E07000154,1769,E07000131,910,9204,3403
E07000154,107167,111094,8548,63048,E06000042,4221,E07000151,4177,E07000155,3727,E07000156,3117,E07000153,1769,E07000151,6306,E07000155,6275,E07000156,5802,E07000153,3559,E07000152,3293,18560,14263
E07000155,46045,30853,6918,9958,E07000154,6275,E06000042,5631,E07000177,4278,E07000004,1296,E07000151,1092,E07000154,3727,E07000177,2224,E07000151,1456,E06000042,1311,E07000004,807,10597,4452
E07000156,36504,31860,3363,13549,E07000154,5802,E07000152,2325,E07000153,2239,E06000042,1378,E06000055,730,E07000152,4534,E07000154,3117,E07000153,2656,E07000151,634,E07000155,517,7118,3490
E06000048,147827,115030,18334,74442,E08000021,19289,E08000022,10506,E08000020,4691,E08000024,1677,E06000047,1676,E08000021,6275,E08000022,6256,E08000020,3592,E06000047,2279,E08000024,1027,17212,2825
E07000163,27916,25415,4751,11763,E08000032,3963,E08000035,1088,E07000122,596,E07000121,516,E07000031,413,E08000032,4279,E07000122,1713,E08000035,467,E07000121,340,E07000165,297,4826,1805
E07000164,45714,45946,7526,20799,E07000165,2377,E06000014,2158,E06000002,1817,E06000004,1494,E06000003,932,E06000014,2915,E07000166,2057,E07000165,1920,E06000004,1659,E06000002,1450,8611,7620
E07000165,82088,77220,12446,45408,E08000035,8481,E07000164,1920,E06000014,1837,E08000032,1202,E08000036,467,E08000035,6019,E07000164,2377,E06000014,2194,E08000032,1485,E07000169,710,10327,6581
E07000166,28015,26090,5034,13801,E07000164,2057,E06000005,1387,E06000047,640,E07000165,593,E06000004,333,E06000005,1286,E07000164,848,E06000047,778,E07000165,399,E06000004,236,4170,3708
E07000167,25818,24342,5283,12012,E06000014,2125,E07000168,1314,E07000164,523,E06000011,454,E06000047,388,E07000168,2036,E06000014,1730,E06000011,1016,E07000164,458,E06000010,276,3719,1531
E07000168,48747,43012,6606,31348,E07000167,2036,E06000011,856,E06000003,632,E06000014,533,E07000164,280,E06000011,1622,E07000167,1314,E06000003,521,E06000014,260,E07000169,232,6456,1109
E07000169,43495,32827,5230,14362,E08000035,6193,E06000014,5093,E08000036,3039,E06000011,1607,E07000165,710,E06000011,2524,E08000036,2518,E08000035,2047,E06000014,1805,E08000017,1312,7261,3029
E07000170,55484,49334,4209,19362,E06000018,7571,E07000174,4548,E07000032,2568,E07000033,2199,E07000172,1647,E07000174,6949,E06000018,2860,E07000033,2293,E07000173,1947,E07000175,1764,13380,9950
E07000171,53092,48555,5624,26770,E08000017,3345,E08000019,1829,E08000018,1771,E07000175,1489,E07000033,1007,E08000017,2226,E08000018,2169,E07000175,1719,E07000033,1658,E07000174,1093,11257,7296
E07000172,53367,35609,4737,11874,E06000018,15394,E07000036,3761,E07000176,1814,E07000032,1733,E06000015,1723,E06000018,4890,E07000036,3968,E07000170,1647,E07000173,1416,E07000032,1414,12331,5663
E07000173,55929,33037,5267,12336,E06000018,20015,E07000176,2686,E07000170,1947,E07000172,1416,E07000175,1410,E06000018,6117,E07000170,1629,E07000176,1585,E07000175,1474,E07000172,1049,10852,3580
E07000174,48561,37549,3669,17969,E07000170,6949,E07000175,3593,E06000018,2443,E07000033,2229,E07000171,1093,E07000170,4548,E07000175,3132,E07000033,1997,E07000173,1137,E06000018,872,10616,4225
E07000175,54899,47304,7086,22891,E06000018,3480,E07000174,3132,E07000170,1764,E07000171,1719,E07000173,1474,E07000174,3593,E07000171,1489,E07000138,1426,E07000173,1410,E07000139,1338,13353,8071
E07000176,55665,42655,7535,14223,E06000018,15002,E07000130,2048,E07000173,1585,E07000172,1229,E07000175,994,E06000018,6962,E07000173,2686,E07000172,1814,E07000175,1109,E07000130,1035,13049,7291
E07000177,75249,66773,8727,34879,E07000178,9528,E07000181,2269,E07000155,2224,E07000180,1584,E07000004,1582,E07000155,4278,E07000181,3321,E07000178,2187,E07000004,2160,E07000221,1377,14456,9844
E07000178,70245,95612,7431,42406,E07000180,3574,E07000179,2541,E07000177,2187,E07000181,1245,E09000033,532,E07000180,10753,E07000177,9528,E07000181,7541,E07000179,7369,E07000004,1445,10329,9139
E07000179,70714,56656,10709,22358,E07000178,7369,E07000180,6217,E06000038,2514,E07000007,2236,E07000004,1586,E07000180,3946,E07000004,2622,E06000038,2615,E07000178,2541,E07000007,1521,17725,10344
E07000180,63646,57895,7970,25228,E07000178,10753,E07000179,3946,E07000181,1852,E07000177,1366,E06000030,1355,E07000179,6217,E07000178,3574,E07000181,3051,E06000030,2552,E07000177,1584,11176,7719
E07000181,57076,44106,7901,24437,E07000178,7541,E07000177,3321,E07000180,3051,E07000179,828,E07000079,683,E07000177,2269,E07000180,1852,E07000178,1245,E07000079,1052,E06000030,655,9314,4695
E06000051,152309,134829,23567,82151,E06000020,11105,E08000031,2346,W06000006,2192,W06000023,1838,E08000025,1312,E06000020,8185,W06000023,3135,W06000006,2700,E06000019,1278,E08000031,1085,27798,12728
E07000187,54272,44745,8764,24531,E06000022,4285,E06000054,3121,E07000189,2252,E06000023,1369,E07000188,1247,E06000022,2900,E07000189,2038,E07000188,2023,E06000054,1828,E06000023,491,8703,2170
E07000188,54956,42352,7339,25804,E07000190,4936,E06000024,3423,E07000187,2023,E06000023,1599,E07000189,1020,E07000190,2385,E06000024,2359,E07000187,1247,E07000189,814,E07000191,587,8812,1817
E07000189,79424,72128,10805,46159,E07000052,3721,E07000190,3114,E07000187,2038,E07000050,1154,E07000188,814,E07000052,3410,E07000187,2252,E07000190,1916,E07000050,1396,E07000188,1020,11619,5170
E07000190,54619,56299,6815,33771,E07000188,2385,E07000189,1916,E07000041,799,E07000191,758,E07000042,625,E07000188,4936,E07000189,3114,E07000042,1773,E07000191,1516,E07000040,683,7550,3691
E07000191,15557,13730,3998,6952,E07000190,1516,E07000188,587,E07000042,144,E07000189,117,E07000043,89,E07000188,1000,E07000190,758,E07000042,143,E07000043,102,E08000002,84,2154,693
E07000192,47599,34545,3773,15908,E07000194,4285,E08000030,3855,E07000197,3420,E07000196,2472,E08000025,2035,E07000196,3328,E07000194,2706,E08000030,2243,E07000197,1720,E08000031,928,11851,3939
E07000193,55186,55768,5650,26843,E07000039,4025,E06000015,2488,E07000194,1927,E07000197,1113,E08000025,982,E07000039,7129,E06000015,2384,E07000194,1708,E07000198,1669,E06000021,1394,12158,8991
E07000194,49339,41321,6262,14663,E08000025,6076,E08000030,3197,E07000192,2706,E07000199,2171,E07000193,1708,E07000192,4285,E07000199,2945,E08000030,2311,E08000025,2207,E07000193,1927,12556,6721
E07000195,57642,45675,5048,19172,E06000021,16237,E06000049,4557,E07000197,2487,E07000198,1163,E06000051,647,E06000021,11756,E06000049,2644,E07000198,2143,E07000197,1616,E06000051,472,8331,2824
E07000196,53674,32686,6130,8981,E08000031,10381,E08000030,3876,E08000027,3736,E07000192,3328,E08000025,2545,E08000031,4448,E07000192,2472,E08000027,2333,E07000197,2018,E08000030,1746,14697,4558
E07000197,64886,63630,7885,31910,E06000021,4631,E07000196,2018,E07000192,1720,E07000195,1616,E08000025,1171,E06000021,5119,E07000192,3420,E07000195,2487,E07000196,1844,E07000198,1581,13935,9384
E07000198,47942,31667,6073,15393,E06000021,9529,E06000049,3668,E07000195,2143,E07000193,1669,E07000197,1581,E06000021,5182,E07000195,1163,E06000049,847,E07000197,659,E07000193,628,7886,1722
E07000199,38392,27802,2809,13681,E07000218,4862,E08000025,4672,E07000194,2945,E08000029,1077,E07000193,469,E07000218,2315,E07000194,2171,E08000025,1432,E08000030,458,E07000039,426,7877,4510
E07000200,42632,32373,5968,14789,E07000202,5006,E07000071,2440,E07000204,2269,E07000203,1475,E07000205,1216,E07000202,3633,E07000203,1363,E07000071,1266,E07000067,1211,E07000204,1120,9469,3023
E07000201,31734,30464,3146,14283,E07000204,2247,E07000009,1910,E07000008,1852,E07000012,1425,E07000143,1187,E07000009,3348,E07000204,2527,E07000143,2404,E07000146,1203,E07000203,604,5684,2949
E07000202,65756,66857,4734,34626,E07000205,7268,E07000203,3857,E07000200,3633,E07000071,1315,E07000204,746,E07000205,11036,E07000203,5217,E07000200,5006,E07000071,1434,E07000076,1071,9577,3733
E07000203,48942,37857,7484,16443,E07000204,5569,E07000202,5217,E07000205,2118,E07000149,1372,E07000200,1363,E07000202,3857,E07000149,1782,E07000204,1714,E07000205,1631,E07000200,1475,9376,3471
E07000204,56839,54695,6463,28721,E07000008,2858,E07000201,2527,E07000012,2302,E07000203,1714,E07000200,1120,E07000203,5569,E07000143,2303,E07000200,2269,E07000201,2247,E07000067,878,11134,6245
E07000205,58882,50443,8527,26773,E07000202,11036,E07000203,1631,E07000200,997,E07000206,959,E07000071,538,E07000202,7268,E07000203,2118,E07000206,1377,E07000200,1216,E07000076,445,8421,2719
E07000206,49561,41252,5109,27818,E07000145,4142,E07000149,1650,E07000148,1628,E07000205,1377,E07000144,550,E07000145,2787,E07000149,2303,E07000205,959,E07000148,548,E07000144,394,7287,1334
E07000207,65279,51543,10110,14404,E09000021,3947,E09000033,3934,E09000001,3071,E09000027,2083,E07000212,2077,E09000021,3145,E07000212,2908,E07000217,2831,E07000213,1774,E07000209,1579,25653,14792
E07000208,38273,26928,4197,7504,E09000021,3011,E09000029,2270,E09000033,1939,E07000210,1927,E09000024,1390,E09000029,3454,E07000211,2312,E07000210,1600,E09000021,1411,E09000008,844,16035,5606
E07000209,70500,72517,9325,24820,E07000216,3722,E07000217,3093,E07000092,2656,E09000033,1781,E07000207,1579,E07000216,7730,E07000217,4626,E07000092,3579,E07000214,2224,E07000085,1804,23524,18409
E07000210,42785,42882,6930,12184,E07000211,2466,E07000209,1792,E07000208,1600,E09000033,1373,E07000207,1274,E07000211,3452,E07000208,1927,E07000227,1600,E07000209,1503,E09000029,1367,15166,13919
E07000211,71716,62190,8658,21049,E07000226,4735,E07000210,3452,E09000029,2743,E09000033,2371,E07000208,2312,E07000215,3537,E09000008,3489,E07000226,3468,E09000029,3344,E07000210,2466,26396,16179
E07000212,40985,46747,4914,11229,E07000207,2908,E07000213,2344,E07000217,2037,E09000017,1687,E09000018,1633,E07000213,4215,E07000217,2957,E07000207,2077,E07000214,1649,E09000018,1645,14233,18061
E07000213,50484,37098,4902,11153,E09000018,5579,E09000017,4219,E07000212,4215,E09000027,2111,E07000207,1774,E09000018,3447,E07000212,2344,E09000027,1477,E07000207,1404,E09000017,841,16531,11530
E07000214,45303,40465,6317,10888,E07000092,2806,E07000209,2224,E07000217,2144,E07000212,1649,E06000036,1624,E07000092,4693,E07000089,2972,E06000036,2803,E07000209,1560,E07000217,1362,17651,9870
E07000215,42142,29485,6579,8969,E07000211,3537,E09000008,3321,E09000033,1671,E07000226,1492,E09000001,1488,E09000008,3009,E07000211,2111,E07000228,1834,E07000226,1008,E07000111,819,15085,5156
E07000216,59760,47362,10204,16272,E07000209,7730,E07000092,2174,E07000085,1671,E09000033,1576,E09000001,1371,E07000085,3866,E07000209,3722,E07000092,2703,E07000225,1426,E07000089,1149,18762,8020
E07000217,51673,40313,5947,14093,E07000209,4626,E07000212,2957,E07000207,2831,E09000033,1871,E09000001,1402,E07000209,3093,E07000214,2144,E07000212,2037,E07000216,1037,E07000207,1031,17946,10931
E07000218,31418,37300,3451,8567,E08000025,4238,E07000199,2315,E07000219,2060,E08000029,1697,E08000026,1614,E08000025,5151,E07000199,4862,E07000219,3176,E08000029,2301,E08000026,1134,7476,8658
E07000219,60416,41601,4443,22121,E08000026,11392,E07000218,3176,E07000132,2606,E07000220,1896,E07000222,1867,E08000026,4878,E07000132,2104,E07000218,2060,E07000220,803,E08000025,647,12915,4545
E07000220,50716,44263,5297,21443,E08000026,4909,E07000151,3603,E07000222,2496,E07000131,1318,E07000221,1027,E08000026,3805,E07000219,1896,E07000151,1579,E07000131,983,E07000132,982,10623,8278
E07000221,61377,59151,10476,23266,E07000222,5881,E08000025,2356,E08000026,1854,E07000236,1690,E08000029,1387,E07000222,5248,E07000236,3268,E07000238,2315,E08000025,2085,E08000026,1976,14467,10517
E07000222,70069,73915,8380,31809,E08000026,7903,E07000221,5248,E08000025,2526,E08000029,1800,E07000220,955,E08000026,9249,E07000221,5881,E07000220,2496,E08000029,2327,E08000025,2146,11448,11627
E07000223,29578,19375,3055,6972,E06000043,6615,E07000229,4237,E07000227,995,E07000228,779,E07000226,709,E06000043,3077,E07000229,2943,E07000224,902,E07000227,836,E07000063,345,6216,1245
E07000224,68079,43104,8688,25454,E07000225,10551,E07000229,5733,E07000227,1887,E06000043,1065,E07000223,902,E07000229,3179,E07000225,2263,E07000227,628,E07000223,559,E06000043,551,13799,1782
E07000225,53905,56761,9007,23500,E07000224,2263,E06000044,1565,E07000090,1470,E07000216,1426,E07000085,1159,E07000224,10551,E07000090,3100,E06000044,1923,E07000085,1587,E07000227,1081,13515,6012
E07000226,55676,75660,3724,28828,E07000211,3468,E07000228,2651,E07000227,2438,E07000210,1100,E07000215,1008,E07000228,7119,E07000227,6159,E07000211,4735,E06000043,3715,E09000008,1885,12459,19495
E07000227,66864,51053,9933,24413,E07000226,6159,E07000228,2011,E06000043,1720,E07000210,1600,E07000211,1443,E07000226,2438,E07000229,2040,E07000224,1887,E06000043,1862,E07000228,1805,19585,6675
E07000228,72805,55478,9685,25400,E07000226,7119,E06000043,3492,E07000215,1834,E07000227,1805,E07000063,1803,E06000043,4008,E07000226,2651,E07000065,2375,E07000063,2131,E07000227,2011,21667,7217
E07000229,50977,45297,5371,23236,E06000043,3315,E07000224,3179,E07000223,2943,E07000227,2040,E07000226,1057,E07000224,5733,E07000223,4237,E06000043,2803,E07000227,1303,E07000225,413,9836,2201
E06000054,240956,205877,33409,132751,E06000030,10569,E06000022,8292,E07000093,5394,E06000025,3161,E06000023,2758,E06000030,7174,E06000022,3387,E07000187,3121,E07000093,2539,E07000050,1886,44622,21610
E07000234,46604,36019,5895,11254,E08000025,9996,E07000236,2904,E08000027,1899,E08000029,1896,E07000238,1556,E08000025,5073,E07000236,3767,E08000027,1937,E07000238,1522,E07000239,1186,11204,5385
E07000235,34767,28628,6450,11231,E07000237,4967,E07000238,1599,E06000019,1341,E08000025,834,E07000083,703,E07000237,3904,E06000019,1835,E07000238,1265,E07000239,717,E06000051,566,7642,2660
E07000236,43095,36125,3670,18714,E07000234,3767,E08000025,3311,E07000221,3268,E08000029,1282,E07000238,1149,E07000234,2904,E08000025,2666,E07000221,1690,E07000238,1198,E08000029,804,7934,4479
E07000237,50330,50176,4274,24768,E07000238,5054,E07000235,3904,E08000025,1343,E07000234,812,E07000239,774,E07000238,5753,E07000235,4967,E07000239,2387,E07000234,1176,E06000019,1144,9401,5707
E07000238,58785,50029,8750,20677,E07000237,5753,E07000221,2315,E08000025,1952,E07000083,1865,E07000234,1522,E07000237,5054,E07000239,3377,E07000235,1599,E07000234,1556,E07000236,1149,15951,7867
E07000239,46672,34047,5254,20165,E07000238,3377,E08000027,2473,E07000237,2387,E08000025,2318,E07000234,1186,E08000027,1924,E07000238,1043,E06000051,1037,E07000237,774,E07000234,679,9512,3171
E06000053,1344,1230,447,664,E06000052,88,E06000026,2,E07000040,2,E07000166,2,E09000014,1,E06000052,94,E07000067,3,E07000176,3,E07000052,2,E07000151,2,138,15
W06000001,30726,22206,4163,14939,W06000002,6616,W06000003,761,W06000004,157,W06000009,72,E06000050,70,W06000002,2011,W06000003,417,W06000004,46,E06000050,40,W06000005,39,3948,551
W06000002,54523,53424,8864,33538,W06000001,2011,W06000003,1520,W06000004,544,W06000008,433,W06000023,380,W06000001,6616,W06000003,2373,W06000004,322,W06000008,300,W06000023,234,7233,1177
W06000003,50627,41688,6977,27307,W06000004,5407,W06000002,2373,W06000005,1048,W06000001,417,E06000050,409,W06000004,3332,W06000002,1520,W06000005,790,W06000001,761,W06000006,269,6689,732
W06000004,41474,38375,5278,21409,W06000005,3353,W06000003,3332,W06000006,1423,E06000050,959,W06000002,322,W06000003,5407,W06000005,2879,W06000006,1322,W06000002,544,E06000050,438,5398,1098
W06000005,74421,67503,6697,37036,E06000050,10693,W06000006,4568,W06000004,2879,E08000015,991,W06000003,790,E06000050,7729,W06000006,4242,W06000004,3353,E08000015,2828,W06000003,1048,10767,4570
W06000006,63967,57114,5460,37698,E06000050,4263,W06000005,4242,E06000051,2700,W06000004,1322,E06000049,418,W06000005,4568,E06000050,2297,E06000051,2192,W06000004,1423,E08000015,425,7864,3051
W06000023,64632,55077,14260,32701,E06000051,3135,E06000019,1185,W06000011,841,W06000012,731,W06000021,617,E06000051,1838,E06000019,918,W06000012,848,W06000021,580,W06000019,570,11162,3362
W06000008,32853,29972,7054,18804,W06000010,1581,W06000009,711,W06000002,300,W06000023,258,W06000011,87,W06000010,1548,W06000009,1232,W06000002,433,W06000023,392,W06000001,64,4058,445
W06000009,54774,48429,9705,34617,W06000010,1717,W06000008,1232,W06000011,249,W06000015,164,W06000012,83,W06000010,1749,W06000008,711,W06000011,173,W06000002,109,W06000015,102,7007,1263
W06000010,81402,67960,12055,45024,W06000011,8197,W06000012,1820,W06000009,1749,W06000008,1548,W06000015,679,W06000011,4487,W06000009,1717,W06000008,1581,W06000012,1474,W06000015,209,10330,1413
W06000011,103457,104289,8427,68085,W06000012,6724,W06000010,4487,W06000013,2042,W06000015,1848,W06000016,528,W06000012,12526,W06000010,8197,W06000013,1777,W06000015,872,W06000023,841,11316,3564
W06000012,59258,47641,4160,27790,W06000011,12526,W06000013,3672,W06000010,1474,W06000015,1299,W06000023,848,W06000011,6724,W06000013,3157,W06000010,1820,W06000016,1002,W06000023,731,7489,2257
W06000013,61551,56398,4910,34247,W06000015,4932,W06000012,3157,W06000016,2768,W06000014,2023,W06000011,1777,W06000016,4004,W06000012,3672,W06000014,2420,W06000015,2331,W06000011,2042,7737,2772
W06000014,59274,41672,5986,22423,W06000015,17773,W06000013,2420,W06000016,1614,W06000022,897,W06000018,478,W06000015,5576,W06000016,2350,W06000013,2023,W06000018,712,W06000022,513,7683,2089
W06000016,99690,73752,6863,47540,W06000015,16086,W06000013,4004,W06000018,3336,W06000024,3197,W06000014,2350,W06000015,5043,W06000018,3615,W06000013,2768,W06000024,2230,W06000014,1614,16314,4079
W06000024,25202,23027,1699,12779,W06000016,2230,W06000015,1956,W06000018,1663,W06000019,536,W06000022,303,W06000016,3197,W06000018,2240,W06000019,910,W06000015,737,W06000012,239,4036,1226
W06000018,77756,53381,5415,31991,W06000015,11992,W06000022,7418,W06000016,3615,W06000020,2459,W06000024,2240,W06000016,3336,W06000015,2845,W06000019,2256,W06000022,1909,W06000024,1663,12626,3966
W06000019,28400,20122,1682,13001,W06000021,2279,W06000018,2256,W06000020,1718,W06000022,1386,W06000024,910,W06000018,1648,W06000021,739,W06000020,707,W06000024,536,W06000016,406,5168,1403
W06000020,40415,36183,2621,19660,W06000022,6064,W06000021,2459,W06000015,2055,W06000018,1051,W06000019,707,W06000022,3999,W06000018,2459,W06000021,2289,W06000019,1718,W06000015,1295,5798,2142
W06000021,43210,35082,6828,15266,W06000022,3985,W06000020,2289,W06000015,1754,E06000025,1474,E06000023,1303,W06000020,2459,W06000019,2279,W06000022,1803,E07000080,1661,W06000018,814,10311,3972
W06000022,64691,69563,4795,34375,W06000015,7216,W06000020,3999,W06000018,1909,W06000021,1803,E06000023,844,W06000018,7418,W06000020,6064,W06000015,5767,W06000021,3985,W06000019,1386,9750,5773
W06000015,160377,189482,12190,104251,W06000022,5767,W06000014,5576,W06000016,5043,W06000018,2845,W06000013,2331,W06000014,17773,W06000016,16086,W06000018,11992,W06000022,7216,W06000013,4932,22374,15042